,Youtube Links,Channel Name
0,https://www.youtube.com/c/OpeninApp,OpeninApp
1,https://www.youtube.com/channel/UCIGDcUqL2kKMdJCpIr_dfxg,OpeninApp
2,https://www.youtube.com/hashtag/openinapp,Inspiring Prashant
3,https://www.youtube.com/watch?v=vOo-VyPIiW0,spksunny
4,https://www.youtube.com/watch?v=O6lup3SN4Bw,OpeninApp
5,https://www.youtube.com/watch?v=Njo_GPYbTvY,Inspiring Prashant
6,https://www.youtube.com/watch?v=zEd9C0eRwzY,OpeninApp
7,https://www.youtube.com/watch?v=dd02GPhhNhQ,OpeninApp
8,https://www.youtube.com/watch?v=pS-3W8KHj4k,Urjita Wani
9,https://www.youtube.com/post/UgkxkNMzcb3UCWm4sfl1TtmpUE9eRv_qGnSj,
10,https://www.youtube.com/post/Ugkxe2GrB63zOanTOsRv6n75Q6wJdNSXnqAi,
11,https://www.youtube.com/post/UgkxvxeOVISLxaPkK0XyP2zDBrqTfdJ36ULb,12th Man Malayalam
12,https://www.youtube.com/post/UgkxzL6nM2d56_PdVjzr6AybtYTvXslbasTH,
13,https://www.youtube.com/watch?v=6vVpCXAtbvs,Prasadtechintelugu
14,https://www.youtube.com/watch?v=cOrP4H_IEqw,Manoj Dey Vlogs
15,https://www.youtube.com/post/UgkxjsvwKZJQN6a5Uzy8tb8Fm-4q5xKVs-Md,Manoj Dey Vlogs
16,https://www.youtube.com/watch?v=zy0ih5i5tCM,Money Purse { ‡∞Æ‡∞®‡±Ä ‡∞™‡∞∞‡±ç‡∞∏‡±ç }
17,https://www.youtube.com/post/UgkxiKn-5Vm37sw8n-8DnMpuFF_RP-POu6qH,U Brand
18,https://www.youtube.com/post/UgkxdKMFMjFHAE8yFCxwgkBSOQPZm2Xls1GC,
19,https://www.youtube.com/post/UgkxLoaCezUF1bnP2SXKx5ROkA-tEdpMjHU3,
20,https://www.youtube.com/post/UgkxWxe0Nj-i7RSxgdD9guwk99XYHM00gA_q,
21,https://www.youtube.com/post/UgkxX8SkBbsI6VP31--wEwxXSXNsFT2C9qQf,Deepak Tabla 2.0
22,https://www.youtube.com/post/UgkxakqJlUfOZDGAff8Fsb1dMGgBPWt7dhVl,Super Trader Lakshya
23,https://www.youtube.com/watch?v=zJsAECXaPYU,Manoj Dey Vlogs
24,https://www.youtube.com/watch?v=glnplLdbuj0,Manoj Dey Vlogs
25,https://www.youtube.com/post/UgkxH1efibpiSulaCWsw9mQIQ1FUkYnvPacM,
26,https://www.youtube.com/watch?v=J_A5UE2_6Zs,OpeninApp
27,https://www.youtube.com/watch?v=s0eUGZVDdxU,Urjita Wani
28,https://www.youtube.com/post/Ugkx9OVj5fKxWG8lYhakpD62aM8roJjl5JXC,Manoj Dey Vlogs
29,https://www.youtube.com/post/Ugkxw55hXFcVZR5svtS82dNr28NWVDifg1O0,
30,https://www.youtube.com/channel/UCT2xzagsBVtStUCA2ulvKmQ/community?lc=UgzwoTgfJuEjk5xfVJB4AaABAg&lb=UgkxRr0r_-PECgQZa99yjufWKBvKcb19MEHd,Manoj Dey Vlogs
31,https://www.youtube.com/watch?v=x6nrchdG_5k,DANCE TO DANCE
32,https://www.youtube.com/post/Ugkxx8mBGJtFMG4Bvy6OedBmnkyyO64h-1N7,
33,https://www.youtube.com/c/TradingwithGroww?app=desktop,Trading with Groww
34,https://www.youtube.com/post/UgkxTCkLRMjyhpK6c-EeRTNo9ZUmDsxvuWMm,
35,https://www.youtube.com/c/TheCrazySk/community,Thecrazysk
36,https://www.youtube.com/watch?v=LG8VCuGEOxU,DAY TRADER ‡∞§‡±Ü‡∞≤‡±Å‡∞ó‡±Å
37,https://www.youtube.com/post/UgkxtGWVDRROHIq4ZbODw5x30QxT9syyIfxX,
38,https://www.youtube.com/post/UgkxsD5LAk57cSbJpDSuX8U3wgHPMy4D7DSD,
39,https://www.youtube.com/post/UgkxNSy4Qh4m-Lx3z1cMj2ZBtHRal_OPmpQV,
40,https://www.youtube.com/post/Ugkx17Nb8PEevC6RycGI83OXZduMpDtnhEzP,
41,https://www.youtube.com/watch?v=1uhicRUUawU,DAY TRADER ‡∞§‡±Ü‡∞≤‡±Å‡∞ó‡±Å
42,https://www.youtube.com/watch?v=rHk4JiXtZYw,Money Purse { ‡∞Æ‡∞®‡±Ä ‡∞™‡∞∞‡±ç‡∞∏‡±ç }
43,https://www.youtube.com/post/Ugkxa10GJk9JoQ-o7c1i9dnbmlLsD4BKEOq1,
44,https://www.youtube.com/post/UgkxQmPP718esXfVF1jpPu7YQNVP7EwL54je,JP Jewellers
45,https://www.youtube.com/watch?v=yx0abfdHY8Q,OEDRO
46,https://www.youtube.com/post/UgkxKShS2t79nuZfF_G3YjPCHTdEWW4kSLI_,Manoj Dey Vlogs
47,https://www.youtube.com/watch?v=xWC86v6p258,V.P FINANCIALS
48,https://www.youtube.com/watch?v=qeDTGV_qimA,Money Purse { ‡∞Æ‡∞®‡±Ä ‡∞™‡∞∞‡±ç‡∞∏‡±ç }
49,https://www.youtube.com/post/UgkxVmUMFc4nQZqX2tdxS8XRjrVWStyCBWJ-,
50,https://www.youtube.com/post/Ugkxmq4k5vC_mrxI2S1Y8yNplDjrLFv-Duqq,Gareeb M_S Vlogs
51,https://www.youtube.com/post/UgkxRJvtMnNzOLjJk_VuNT4swDzlSMaQykEt,
52,https://www.youtube.com/post/Ugkx6hPE0dvy3kZeT0ELrv16aXK8L1wRdwQ1,
53,https://www.youtube.com/post/Ugkxb1RJNQ-17mrGzSsqtLtJsnlaaE0XGwqX,JP Jewellers
54,https://www.youtube.com/post/UgkxAaFyAz1Mi5gjLhif1ZVhdk-ZdlqD7L_R,Berojgar Tech
55,https://www.youtube.com/post/Ugkxd84rf73FQV_n69kM6B-_Z1MGYJA-MplK,D-tech Guptajii
56,https://www.youtube.com/post/Ugkx9sxUfVgTYlHA73JqYZg1ZbwBxJbdgqiy,ùêçùêÇùêÇ ùêñùêÄùêëùêëùêàùêéùêëùêí üî∞
57,https://www.youtube.com/post/UgkxIKHlwegfpzGik7_bSPwGef0K6NXaPGhw,
58,https://www.youtube.com/post/UgkxbOqDlXppSQ8G9WhX9PEaYK-Yh878Bjq4,Gaurav Sharma
59,https://www.youtube.com/post/UgkxIEx6vIN0KBHEANGftZW4VM4w0_2sOtEO,Varsha Singh Dhanoa
60,https://www.youtube.com/watch?v=L4XxrYMyQZw,Money Purse { ‡∞Æ‡∞®‡±Ä ‡∞™‡∞∞‡±ç‡∞∏‡±ç }
61,https://www.youtube.com/watch?v=CmhPGHeVyFA,Money Purse { ‡∞Æ‡∞®‡±Ä ‡∞™‡∞∞‡±ç‡∞∏‡±ç }
62,https://www.youtube.com/watch?v=Verm7AgGFKU,Money Purse { ‡∞Æ‡∞®‡±Ä ‡∞™‡∞∞‡±ç‡∞∏‡±ç }
63,https://www.youtube.com/post/Ugkx1dsR0xfh-HQNX1kWeshflpV4icyhxsya,JP Jewellers
64,https://www.youtube.com/post/UgkxrVitimIMFPT7NzB8wOYUY06Vz9NxnLPc,
65,https://www.youtube.com/post/Ugkxt4s789un3IG2yzu-dHnUwjYi_kJTlh1h,
66,https://www.youtube.com/post/UgkxvA9Rw_wuuz2xTUtf5O2bLEtVAP3xjYtt,
67,https://www.youtube.com/post/UgkxVaCzPYkA9k7l5cXQCR1ah_p9dMzY8j0R,
68,https://www.youtube.com/post/UgkxqnfMVepfdJ9yShUF20eO1rF9fFD1jgl4,Sonu Rana Vines
69,https://www.youtube.com/post/UgkxQ4GIPJ7EllaFEa3QF6fgIVQVilW-JMJx,
70,https://www.youtube.com/post/UgkxatxOR0g58CuY7-riNgjc-XYKaBk-BC9f,
71,https://www.youtube.com/post/UgkxxQa6Q6BEorneNIQIGuE_3GwFqPV1ZCrP,
72,https://www.youtube.com/post/Ugkx-QJiB92xlzILRzCM-SxQJZAZVS8sR2EG,@Obito2.0YT195
73,https://www.youtube.com/post/Ugkx8TBLEMFgPUZmo8uCePHXuF0E_1onTBtg,Amal Kakkat
74,https://www.youtube.com/post/UgkxHoInd_AHAHnhERa4RwmblK8B3XCSvZWu,
75,https://www.youtube.com/post/UgkxsSrLEAcTTNZzM1TNPMtah5QYn3sC9sNP,
76,https://www.youtube.com/post/UgkxuzQ3Y3XOESIBGNDiP4FZqa3fPSOmat5l,
77,https://www.youtube.com/watch?v=PJ2_4me-P5g,Venom's Tech
78,https://www.youtube.com/post/Ugkx0fUa1PpqPq_TijI9c-GWYGhkVp7YA7bl,Manoj Dey Vlogs
79,https://www.youtube.com/post/UgkxPj0jgnqmj6c5DBgrg_b7XnLn8DIZ0xFo,
80,https://www.youtube.com/watch?v=XM7EBaAT5BI,Ansh Nakwal
81,https://www.youtube.com/post/Ugkxz4IT--T0OQF_MGlVd6Ql6xOiGJKZiEjS,@EnglishLyrics2.0
82,https://www.youtube.com/post/UgkxT0Tdchpsuu5RtEXKOSJAUdi1qFp8j_6n,Saurabh Pal Vlogs
83,https://www.youtube.com/watch?v=_yCGXyDJa8U,Money Purse { ‡∞Æ‡∞®‡±Ä ‡∞™‡∞∞‡±ç‡∞∏‡±ç }
84,https://www.youtube.com/post/Ugkxx5bkZYf-c3PXTz8AAgDw5XQ5XilrS_SH,Mr Aditya Tech
85,https://www.youtube.com/post/UgkxBggGl932rR3cxnRug4dHmvwRVPQqbClV,Pam D'Souza
86,https://www.youtube.com/post/UgkxRbee0ikZZUU_Bspdgi6L0OkqfTN1_K2d,
87,https://www.youtube.com/watch?v=fscCla8QmuE,DAY TRADER ‡∞§‡±Ü‡∞≤‡±Å‡∞ó‡±Å
88,https://www.youtube.com/watch?v=TGV2b9eQ56w,Money Purse { ‡∞Æ‡∞®‡±Ä ‡∞™‡∞∞‡±ç‡∞∏‡±ç }
89,https://www.youtube.com/post/Ugkxh0eq838iyoft4RjXue15WxRt6YrDH3hD,·¥á…¥…¢ ü…™s ú  ü è Ä…™·¥Ñs
90,https://www.youtube.com/post/UgkxyDD1aPJYyXyMVaZRd2sAoXfZt68fq9uQ,
91,https://www.youtube.com/watch?v=RMnYMnaeNXk,Prasadtechintelugu
92,https://www.youtube.com/watch?v=hkUVijT2Ubs,Manoj Dey Vlogs
93,https://www.youtube.com/post/Ugkxyp9_g9Xh41IvUKY4n_pufW4LkgKDBk8N,
94,https://www.youtube.com/watch?v=eyB4I73PZfY,OEDRO
95,https://www.youtube.com/post/UgxxZbA3FKGy6JQbC5t4AaABCQ,Makholi Bande
96,https://www.youtube.com/watch?v=p-qw-sAMixc,Money Purse { ‡∞Æ‡∞®‡±Ä ‡∞™‡∞∞‡±ç‡∞∏‡±ç }
97,https://www.youtube.com/post/UgkxLi6V7PM1vtjemu-CZX4XOmRMTil9P6dx,
98,https://www.youtube.com/watch?v=RsqG2wV2A8k,Money Purse { ‡∞Æ‡∞®‡±Ä ‡∞™‡∞∞‡±ç‡∞∏‡±ç }
99,https://www.youtube.com/watch?v=Tlxwez5iVrc,SimpleGhar Hindi
100,https://www.youtube.com/c/OpeninApp,OpeninApp
101,https://www.youtube.com/channel/UCIGDcUqL2kKMdJCpIr_dfxg,OpeninApp
102,https://www.youtube.com/hashtag/openinapp,Inspiring Prashant
103,https://www.youtube.com/watch?v=vOo-VyPIiW0,spksunny
104,https://www.youtube.com/watch?v=O6lup3SN4Bw,OpeninApp
105,https://www.youtube.com/watch?v=Njo_GPYbTvY,Inspiring Prashant
106,https://www.youtube.com/watch?v=zEd9C0eRwzY,OpeninApp
107,https://www.youtube.com/watch?v=dd02GPhhNhQ,OpeninApp
108,https://www.youtube.com/watch?v=pS-3W8KHj4k,Urjita Wani
109,https://www.youtube.com/post/UgkxkNMzcb3UCWm4sfl1TtmpUE9eRv_qGnSj,
110,https://www.youtube.com/post/Ugkxe2GrB63zOanTOsRv6n75Q6wJdNSXnqAi,
111,https://www.youtube.com/post/UgkxvxeOVISLxaPkK0XyP2zDBrqTfdJ36ULb,12th Man Malayalam
112,https://www.youtube.com/post/UgkxzL6nM2d56_PdVjzr6AybtYTvXslbasTH,
113,https://www.youtube.com/watch?v=6vVpCXAtbvs,Prasadtechintelugu
114,https://www.youtube.com/watch?v=cOrP4H_IEqw,Manoj Dey Vlogs
115,https://www.youtube.com/post/UgkxjsvwKZJQN6a5Uzy8tb8Fm-4q5xKVs-Md,Manoj Dey Vlogs
116,https://www.youtube.com/watch?v=zy0ih5i5tCM,Money Purse { ‡∞Æ‡∞®‡±Ä ‡∞™‡∞∞‡±ç‡∞∏‡±ç }
117,https://www.youtube.com/post/UgkxiKn-5Vm37sw8n-8DnMpuFF_RP-POu6qH,U Brand
118,https://www.youtube.com/post/UgkxdKMFMjFHAE8yFCxwgkBSOQPZm2Xls1GC,
119,https://www.youtube.com/post/UgkxLoaCezUF1bnP2SXKx5ROkA-tEdpMjHU3,
120,https://www.youtube.com/post/UgkxWxe0Nj-i7RSxgdD9guwk99XYHM00gA_q,
121,https://www.youtube.com/post/UgkxX8SkBbsI6VP31--wEwxXSXNsFT2C9qQf,Deepak Tabla 2.0
122,https://www.youtube.com/post/UgkxakqJlUfOZDGAff8Fsb1dMGgBPWt7dhVl,Super Trader Lakshya
123,https://www.youtube.com/watch?v=zJsAECXaPYU,Manoj Dey Vlogs
124,https://www.youtube.com/watch?v=glnplLdbuj0,Manoj Dey Vlogs
125,https://www.youtube.com/post/UgkxH1efibpiSulaCWsw9mQIQ1FUkYnvPacM,
126,https://www.youtube.com/watch?v=J_A5UE2_6Zs,OpeninApp
127,https://www.youtube.com/watch?v=s0eUGZVDdxU,Urjita Wani
128,https://www.youtube.com/post/Ugkx9OVj5fKxWG8lYhakpD62aM8roJjl5JXC,Manoj Dey Vlogs
129,https://www.youtube.com/post/Ugkxw55hXFcVZR5svtS82dNr28NWVDifg1O0,
130,https://www.youtube.com/channel/UCT2xzagsBVtStUCA2ulvKmQ/community?lc=UgzwoTgfJuEjk5xfVJB4AaABAg&lb=UgkxRr0r_-PECgQZa99yjufWKBvKcb19MEHd,Manoj Dey Vlogs
131,https://www.youtube.com/watch?v=x6nrchdG_5k,DANCE TO DANCE
132,https://www.youtube.com/post/Ugkxx8mBGJtFMG4Bvy6OedBmnkyyO64h-1N7,
133,https://www.youtube.com/c/TradingwithGroww?app=desktop,Trading with Groww
134,https://www.youtube.com/post/UgkxTCkLRMjyhpK6c-EeRTNo9ZUmDsxvuWMm,
135,https://www.youtube.com/c/TheCrazySk/community,Thecrazysk
136,https://www.youtube.com/watch?v=LG8VCuGEOxU,DAY TRADER ‡∞§‡±Ü‡∞≤‡±Å‡∞ó‡±Å
137,https://www.youtube.com/post/UgkxtGWVDRROHIq4ZbODw5x30QxT9syyIfxX,
138,https://www.youtube.com/post/UgkxsD5LAk57cSbJpDSuX8U3wgHPMy4D7DSD,
139,https://www.youtube.com/post/UgkxNSy4Qh4m-Lx3z1cMj2ZBtHRal_OPmpQV,
140,https://www.youtube.com/post/Ugkx17Nb8PEevC6RycGI83OXZduMpDtnhEzP,
141,https://www.youtube.com/watch?v=1uhicRUUawU,DAY TRADER ‡∞§‡±Ü‡∞≤‡±Å‡∞ó‡±Å
142,https://www.youtube.com/watch?v=rHk4JiXtZYw,Money Purse { ‡∞Æ‡∞®‡±Ä ‡∞™‡∞∞‡±ç‡∞∏‡±ç }
143,https://www.youtube.com/post/Ugkxa10GJk9JoQ-o7c1i9dnbmlLsD4BKEOq1,
144,https://www.youtube.com/post/UgkxQmPP718esXfVF1jpPu7YQNVP7EwL54je,JP Jewellers
145,https://www.youtube.com/watch?v=yx0abfdHY8Q,OEDRO
146,https://www.youtube.com/post/UgkxKShS2t79nuZfF_G3YjPCHTdEWW4kSLI_,Manoj Dey Vlogs
147,https://www.youtube.com/watch?v=xWC86v6p258,V.P FINANCIALS
148,https://www.youtube.com/watch?v=qeDTGV_qimA,Money Purse { ‡∞Æ‡∞®‡±Ä ‡∞™‡∞∞‡±ç‡∞∏‡±ç }
149,https://www.youtube.com/post/UgkxVmUMFc4nQZqX2tdxS8XRjrVWStyCBWJ-,
150,https://www.youtube.com/post/Ugkxmq4k5vC_mrxI2S1Y8yNplDjrLFv-Duqq,Gareeb M_S Vlogs
151,https://www.youtube.com/post/UgkxRJvtMnNzOLjJk_VuNT4swDzlSMaQykEt,
152,https://www.youtube.com/post/Ugkx6hPE0dvy3kZeT0ELrv16aXK8L1wRdwQ1,
153,https://www.youtube.com/post/Ugkxb1RJNQ-17mrGzSsqtLtJsnlaaE0XGwqX,JP Jewellers
154,https://www.youtube.com/post/UgkxAaFyAz1Mi5gjLhif1ZVhdk-ZdlqD7L_R,Berojgar Tech
155,https://www.youtube.com/post/Ugkxd84rf73FQV_n69kM6B-_Z1MGYJA-MplK,D-tech Guptajii
156,https://www.youtube.com/post/Ugkx9sxUfVgTYlHA73JqYZg1ZbwBxJbdgqiy,ùêçùêÇùêÇ ùêñùêÄùêëùêëùêàùêéùêëùêí üî∞
157,https://www.youtube.com/post/UgkxIKHlwegfpzGik7_bSPwGef0K6NXaPGhw,
158,https://www.youtube.com/post/UgkxbOqDlXppSQ8G9WhX9PEaYK-Yh878Bjq4,Gaurav Sharma
159,https://www.youtube.com/post/UgkxIEx6vIN0KBHEANGftZW4VM4w0_2sOtEO,Varsha Singh Dhanoa
160,https://www.youtube.com/watch?v=L4XxrYMyQZw,Money Purse { ‡∞Æ‡∞®‡±Ä ‡∞™‡∞∞‡±ç‡∞∏‡±ç }
161,https://www.youtube.com/watch?v=CmhPGHeVyFA,Money Purse { ‡∞Æ‡∞®‡±Ä ‡∞™‡∞∞‡±ç‡∞∏‡±ç }
162,https://www.youtube.com/watch?v=Verm7AgGFKU,Money Purse { ‡∞Æ‡∞®‡±Ä ‡∞™‡∞∞‡±ç‡∞∏‡±ç }
163,https://www.youtube.com/post/Ugkx1dsR0xfh-HQNX1kWeshflpV4icyhxsya,JP Jewellers
164,https://www.youtube.com/post/UgkxrVitimIMFPT7NzB8wOYUY06Vz9NxnLPc,
165,https://www.youtube.com/post/Ugkxt4s789un3IG2yzu-dHnUwjYi_kJTlh1h,
166,https://www.youtube.com/post/UgkxvA9Rw_wuuz2xTUtf5O2bLEtVAP3xjYtt,
167,https://www.youtube.com/post/UgkxVaCzPYkA9k7l5cXQCR1ah_p9dMzY8j0R,
168,https://www.youtube.com/post/UgkxqnfMVepfdJ9yShUF20eO1rF9fFD1jgl4,Sonu Rana Vines
169,https://www.youtube.com/post/UgkxQ4GIPJ7EllaFEa3QF6fgIVQVilW-JMJx,
170,https://www.youtube.com/post/UgkxatxOR0g58CuY7-riNgjc-XYKaBk-BC9f,
171,https://www.youtube.com/post/UgkxxQa6Q6BEorneNIQIGuE_3GwFqPV1ZCrP,
172,https://www.youtube.com/post/Ugkx-QJiB92xlzILRzCM-SxQJZAZVS8sR2EG,@Obito2.0YT195
173,https://www.youtube.com/post/Ugkx8TBLEMFgPUZmo8uCePHXuF0E_1onTBtg,Amal Kakkat
174,https://www.youtube.com/post/UgkxHoInd_AHAHnhERa4RwmblK8B3XCSvZWu,
175,https://www.youtube.com/post/UgkxsSrLEAcTTNZzM1TNPMtah5QYn3sC9sNP,
176,https://www.youtube.com/post/UgkxuzQ3Y3XOESIBGNDiP4FZqa3fPSOmat5l,
177,https://www.youtube.com/watch?v=PJ2_4me-P5g,Venom's Tech
178,https://www.youtube.com/post/Ugkx0fUa1PpqPq_TijI9c-GWYGhkVp7YA7bl,Manoj Dey Vlogs
179,https://www.youtube.com/post/UgkxPj0jgnqmj6c5DBgrg_b7XnLn8DIZ0xFo,
180,https://www.youtube.com/watch?v=XM7EBaAT5BI,Ansh Nakwal
181,https://www.youtube.com/post/Ugkxz4IT--T0OQF_MGlVd6Ql6xOiGJKZiEjS,@EnglishLyrics2.0
182,https://www.youtube.com/post/UgkxT0Tdchpsuu5RtEXKOSJAUdi1qFp8j_6n,Saurabh Pal Vlogs
183,https://www.youtube.com/watch?v=_yCGXyDJa8U,Money Purse { ‡∞Æ‡∞®‡±Ä ‡∞™‡∞∞‡±ç‡∞∏‡±ç }
184,https://www.youtube.com/post/Ugkxx5bkZYf-c3PXTz8AAgDw5XQ5XilrS_SH,Mr Aditya Tech
185,https://www.youtube.com/post/UgkxBggGl932rR3cxnRug4dHmvwRVPQqbClV,Pam D'Souza
186,https://www.youtube.com/post/UgkxRbee0ikZZUU_Bspdgi6L0OkqfTN1_K2d,
187,https://www.youtube.com/watch?v=fscCla8QmuE,DAY TRADER ‡∞§‡±Ü‡∞≤‡±Å‡∞ó‡±Å
188,https://www.youtube.com/watch?v=TGV2b9eQ56w,Money Purse { ‡∞Æ‡∞®‡±Ä ‡∞™‡∞∞‡±ç‡∞∏‡±ç }
189,https://www.youtube.com/post/Ugkxh0eq838iyoft4RjXue15WxRt6YrDH3hD,·¥á…¥…¢ ü…™s ú  ü è Ä…™·¥Ñs
190,https://www.youtube.com/post/UgkxyDD1aPJYyXyMVaZRd2sAoXfZt68fq9uQ,
191,https://www.youtube.com/watch?v=RMnYMnaeNXk,Prasadtechintelugu
192,https://www.youtube.com/watch?v=hkUVijT2Ubs,Manoj Dey Vlogs
193,https://www.youtube.com/post/Ugkxyp9_g9Xh41IvUKY4n_pufW4LkgKDBk8N,
194,https://www.youtube.com/watch?v=eyB4I73PZfY,OEDRO
195,https://www.youtube.com/post/UgxxZbA3FKGy6JQbC5t4AaABCQ,Makholi Bande
196,https://www.youtube.com/watch?v=p-qw-sAMixc,Money Purse { ‡∞Æ‡∞®‡±Ä ‡∞™‡∞∞‡±ç‡∞∏‡±ç }
197,https://www.youtube.com/post/UgkxLi6V7PM1vtjemu-CZX4XOmRMTil9P6dx,
198,https://www.youtube.com/watch?v=RsqG2wV2A8k,Money Purse { ‡∞Æ‡∞®‡±Ä ‡∞™‡∞∞‡±ç‡∞∏‡±ç }
199,https://www.youtube.com/watch?v=Tlxwez5iVrc,SimpleGhar Hindi
200,https://www.youtube.com/c/OpeninApp,OpeninApp
201,https://www.youtube.com/channel/UCIGDcUqL2kKMdJCpIr_dfxg,OpeninApp
202,https://www.youtube.com/hashtag/openinapp,Inspiring Prashant
203,https://www.youtube.com/watch?v=vOo-VyPIiW0,spksunny
204,https://www.youtube.com/watch?v=O6lup3SN4Bw,OpeninApp
205,https://www.youtube.com/watch?v=Njo_GPYbTvY,Inspiring Prashant
206,https://www.youtube.com/watch?v=zEd9C0eRwzY,OpeninApp
207,https://www.youtube.com/watch?v=dd02GPhhNhQ,OpeninApp
208,https://www.youtube.com/watch?v=pS-3W8KHj4k,Urjita Wani
209,https://www.youtube.com/post/UgkxkNMzcb3UCWm4sfl1TtmpUE9eRv_qGnSj,
210,https://www.youtube.com/post/Ugkxe2GrB63zOanTOsRv6n75Q6wJdNSXnqAi,
211,https://www.youtube.com/post/UgkxvxeOVISLxaPkK0XyP2zDBrqTfdJ36ULb,12th Man Malayalam
212,https://www.youtube.com/post/UgkxzL6nM2d56_PdVjzr6AybtYTvXslbasTH,
213,https://www.youtube.com/watch?v=6vVpCXAtbvs,Prasadtechintelugu
214,https://www.youtube.com/watch?v=cOrP4H_IEqw,Manoj Dey Vlogs
215,https://www.youtube.com/post/UgkxjsvwKZJQN6a5Uzy8tb8Fm-4q5xKVs-Md,Manoj Dey Vlogs
216,https://www.youtube.com/watch?v=zy0ih5i5tCM,Money Purse { ‡∞Æ‡∞®‡±Ä ‡∞™‡∞∞‡±ç‡∞∏‡±ç }
217,https://www.youtube.com/post/UgkxiKn-5Vm37sw8n-8DnMpuFF_RP-POu6qH,U Brand
218,https://www.youtube.com/post/UgkxdKMFMjFHAE8yFCxwgkBSOQPZm2Xls1GC,
219,https://www.youtube.com/post/UgkxLoaCezUF1bnP2SXKx5ROkA-tEdpMjHU3,
220,https://www.youtube.com/post/UgkxWxe0Nj-i7RSxgdD9guwk99XYHM00gA_q,
221,https://www.youtube.com/post/UgkxX8SkBbsI6VP31--wEwxXSXNsFT2C9qQf,Deepak Tabla 2.0
222,https://www.youtube.com/post/UgkxakqJlUfOZDGAff8Fsb1dMGgBPWt7dhVl,Super Trader Lakshya
223,https://www.youtube.com/watch?v=zJsAECXaPYU,Manoj Dey Vlogs
224,https://www.youtube.com/watch?v=glnplLdbuj0,Manoj Dey Vlogs
225,https://www.youtube.com/post/UgkxH1efibpiSulaCWsw9mQIQ1FUkYnvPacM,
226,https://www.youtube.com/watch?v=J_A5UE2_6Zs,OpeninApp
227,https://www.youtube.com/watch?v=s0eUGZVDdxU,Urjita Wani
228,https://www.youtube.com/post/Ugkx9OVj5fKxWG8lYhakpD62aM8roJjl5JXC,Manoj Dey Vlogs
229,https://www.youtube.com/post/Ugkxw55hXFcVZR5svtS82dNr28NWVDifg1O0,
230,https://www.youtube.com/channel/UCT2xzagsBVtStUCA2ulvKmQ/community?lc=UgzwoTgfJuEjk5xfVJB4AaABAg&lb=UgkxRr0r_-PECgQZa99yjufWKBvKcb19MEHd,Manoj Dey Vlogs
231,https://www.youtube.com/watch?v=x6nrchdG_5k,DANCE TO DANCE
232,https://www.youtube.com/post/Ugkxx8mBGJtFMG4Bvy6OedBmnkyyO64h-1N7,
233,https://www.youtube.com/c/TradingwithGroww?app=desktop,Trading with Groww
234,https://www.youtube.com/post/UgkxTCkLRMjyhpK6c-EeRTNo9ZUmDsxvuWMm,
235,https://www.youtube.com/c/TheCrazySk/community,Thecrazysk
236,https://www.youtube.com/watch?v=LG8VCuGEOxU,DAY TRADER ‡∞§‡±Ü‡∞≤‡±Å‡∞ó‡±Å
237,https://www.youtube.com/post/UgkxtGWVDRROHIq4ZbODw5x30QxT9syyIfxX,
238,https://www.youtube.com/post/UgkxsD5LAk57cSbJpDSuX8U3wgHPMy4D7DSD,
239,https://www.youtube.com/post/UgkxNSy4Qh4m-Lx3z1cMj2ZBtHRal_OPmpQV,
240,https://www.youtube.com/post/Ugkx17Nb8PEevC6RycGI83OXZduMpDtnhEzP,
241,https://www.youtube.com/watch?v=1uhicRUUawU,DAY TRADER ‡∞§‡±Ü‡∞≤‡±Å‡∞ó‡±Å
242,https://www.youtube.com/watch?v=rHk4JiXtZYw,Money Purse { ‡∞Æ‡∞®‡±Ä ‡∞™‡∞∞‡±ç‡∞∏‡±ç }
243,https://www.youtube.com/post/Ugkxa10GJk9JoQ-o7c1i9dnbmlLsD4BKEOq1,
244,https://www.youtube.com/post/UgkxQmPP718esXfVF1jpPu7YQNVP7EwL54je,JP Jewellers
245,https://www.youtube.com/watch?v=yx0abfdHY8Q,OEDRO
246,https://www.youtube.com/post/UgkxKShS2t79nuZfF_G3YjPCHTdEWW4kSLI_,Manoj Dey Vlogs
247,https://www.youtube.com/watch?v=xWC86v6p258,V.P FINANCIALS
248,https://www.youtube.com/watch?v=qeDTGV_qimA,Money Purse { ‡∞Æ‡∞®‡±Ä ‡∞™‡∞∞‡±ç‡∞∏‡±ç }
249,https://www.youtube.com/post/UgkxVmUMFc4nQZqX2tdxS8XRjrVWStyCBWJ-,
250,https://www.youtube.com/post/Ugkxmq4k5vC_mrxI2S1Y8yNplDjrLFv-Duqq,Gareeb M_S Vlogs
251,https://www.youtube.com/post/UgkxRJvtMnNzOLjJk_VuNT4swDzlSMaQykEt,
252,https://www.youtube.com/post/Ugkx6hPE0dvy3kZeT0ELrv16aXK8L1wRdwQ1,
253,https://www.youtube.com/post/Ugkxb1RJNQ-17mrGzSsqtLtJsnlaaE0XGwqX,JP Jewellers
254,https://www.youtube.com/post/UgkxAaFyAz1Mi5gjLhif1ZVhdk-ZdlqD7L_R,Berojgar Tech
255,https://www.youtube.com/post/Ugkxd84rf73FQV_n69kM6B-_Z1MGYJA-MplK,D-tech Guptajii
256,https://www.youtube.com/post/Ugkx9sxUfVgTYlHA73JqYZg1ZbwBxJbdgqiy,ùêçùêÇùêÇ ùêñùêÄùêëùêëùêàùêéùêëùêí üî∞
257,https://www.youtube.com/post/UgkxIKHlwegfpzGik7_bSPwGef0K6NXaPGhw,
258,https://www.youtube.com/post/UgkxbOqDlXppSQ8G9WhX9PEaYK-Yh878Bjq4,Gaurav Sharma
259,https://www.youtube.com/post/UgkxIEx6vIN0KBHEANGftZW4VM4w0_2sOtEO,Varsha Singh Dhanoa
260,https://www.youtube.com/watch?v=L4XxrYMyQZw,Money Purse { ‡∞Æ‡∞®‡±Ä ‡∞™‡∞∞‡±ç‡∞∏‡±ç }
261,https://www.youtube.com/watch?v=CmhPGHeVyFA,Money Purse { ‡∞Æ‡∞®‡±Ä ‡∞™‡∞∞‡±ç‡∞∏‡±ç }
262,https://www.youtube.com/watch?v=Verm7AgGFKU,Money Purse { ‡∞Æ‡∞®‡±Ä ‡∞™‡∞∞‡±ç‡∞∏‡±ç }
263,https://www.youtube.com/post/Ugkx1dsR0xfh-HQNX1kWeshflpV4icyhxsya,JP Jewellers
264,https://www.youtube.com/post/UgkxrVitimIMFPT7NzB8wOYUY06Vz9NxnLPc,
265,https://www.youtube.com/post/Ugkxt4s789un3IG2yzu-dHnUwjYi_kJTlh1h,
266,https://www.youtube.com/post/UgkxvA9Rw_wuuz2xTUtf5O2bLEtVAP3xjYtt,
267,https://www.youtube.com/post/UgkxVaCzPYkA9k7l5cXQCR1ah_p9dMzY8j0R,
268,https://www.youtube.com/post/UgkxqnfMVepfdJ9yShUF20eO1rF9fFD1jgl4,Sonu Rana Vines
269,https://www.youtube.com/post/UgkxQ4GIPJ7EllaFEa3QF6fgIVQVilW-JMJx,
270,https://www.youtube.com/post/UgkxatxOR0g58CuY7-riNgjc-XYKaBk-BC9f,
271,https://www.youtube.com/post/UgkxxQa6Q6BEorneNIQIGuE_3GwFqPV1ZCrP,
272,https://www.youtube.com/post/Ugkx-QJiB92xlzILRzCM-SxQJZAZVS8sR2EG,@Obito2.0YT195
273,https://www.youtube.com/post/Ugkx8TBLEMFgPUZmo8uCePHXuF0E_1onTBtg,Amal Kakkat
274,https://www.youtube.com/post/UgkxHoInd_AHAHnhERa4RwmblK8B3XCSvZWu,
275,https://www.youtube.com/post/UgkxsSrLEAcTTNZzM1TNPMtah5QYn3sC9sNP,
276,https://www.youtube.com/post/UgkxuzQ3Y3XOESIBGNDiP4FZqa3fPSOmat5l,
277,https://www.youtube.com/watch?v=PJ2_4me-P5g,Venom's Tech
278,https://www.youtube.com/post/Ugkx0fUa1PpqPq_TijI9c-GWYGhkVp7YA7bl,Manoj Dey Vlogs
279,https://www.youtube.com/post/UgkxPj0jgnqmj6c5DBgrg_b7XnLn8DIZ0xFo,
280,https://www.youtube.com/watch?v=XM7EBaAT5BI,Ansh Nakwal
281,https://www.youtube.com/post/Ugkxz4IT--T0OQF_MGlVd6Ql6xOiGJKZiEjS,@EnglishLyrics2.0
282,https://www.youtube.com/post/UgkxT0Tdchpsuu5RtEXKOSJAUdi1qFp8j_6n,Saurabh Pal Vlogs
283,https://www.youtube.com/watch?v=_yCGXyDJa8U,Money Purse { ‡∞Æ‡∞®‡±Ä ‡∞™‡∞∞‡±ç‡∞∏‡±ç }
284,https://www.youtube.com/post/Ugkxx5bkZYf-c3PXTz8AAgDw5XQ5XilrS_SH,Mr Aditya Tech
285,https://www.youtube.com/post/UgkxBggGl932rR3cxnRug4dHmvwRVPQqbClV,Pam D'Souza
286,https://www.youtube.com/post/UgkxRbee0ikZZUU_Bspdgi6L0OkqfTN1_K2d,
287,https://www.youtube.com/watch?v=fscCla8QmuE,DAY TRADER ‡∞§‡±Ü‡∞≤‡±Å‡∞ó‡±Å
288,https://www.youtube.com/watch?v=TGV2b9eQ56w,Money Purse { ‡∞Æ‡∞®‡±Ä ‡∞™‡∞∞‡±ç‡∞∏‡±ç }
289,https://www.youtube.com/post/Ugkxh0eq838iyoft4RjXue15WxRt6YrDH3hD,·¥á…¥…¢ ü…™s ú  ü è Ä…™·¥Ñs
290,https://www.youtube.com/post/UgkxyDD1aPJYyXyMVaZRd2sAoXfZt68fq9uQ,
291,https://www.youtube.com/watch?v=RMnYMnaeNXk,Prasadtechintelugu
292,https://www.youtube.com/watch?v=hkUVijT2Ubs,Manoj Dey Vlogs
293,https://www.youtube.com/post/Ugkxyp9_g9Xh41IvUKY4n_pufW4LkgKDBk8N,
294,https://www.youtube.com/watch?v=eyB4I73PZfY,OEDRO
295,https://www.youtube.com/post/UgxxZbA3FKGy6JQbC5t4AaABCQ,Makholi Bande
296,https://www.youtube.com/watch?v=p-qw-sAMixc,Money Purse { ‡∞Æ‡∞®‡±Ä ‡∞™‡∞∞‡±ç‡∞∏‡±ç }
297,https://www.youtube.com/post/UgkxLi6V7PM1vtjemu-CZX4XOmRMTil9P6dx,
298,https://www.youtube.com/watch?v=RsqG2wV2A8k,Money Purse { ‡∞Æ‡∞®‡±Ä ‡∞™‡∞∞‡±ç‡∞∏‡±ç }
299,https://www.youtube.com/watch?v=Tlxwez5iVrc,SimpleGhar Hindi
300,https://www.youtube.com/c/OpeninApp,OpeninApp
301,https://www.youtube.com/channel/UCIGDcUqL2kKMdJCpIr_dfxg,OpeninApp
302,https://www.youtube.com/hashtag/openinapp,Inspiring Prashant
303,https://www.youtube.com/watch?v=vOo-VyPIiW0,spksunny
304,https://www.youtube.com/watch?v=O6lup3SN4Bw,OpeninApp
305,https://www.youtube.com/watch?v=Njo_GPYbTvY,Inspiring Prashant
306,https://www.youtube.com/watch?v=zEd9C0eRwzY,OpeninApp
307,https://www.youtube.com/watch?v=dd02GPhhNhQ,OpeninApp
308,https://www.youtube.com/watch?v=pS-3W8KHj4k,Urjita Wani
309,https://www.youtube.com/post/UgkxkNMzcb3UCWm4sfl1TtmpUE9eRv_qGnSj,
310,https://www.youtube.com/post/Ugkxe2GrB63zOanTOsRv6n75Q6wJdNSXnqAi,
311,https://www.youtube.com/post/UgkxvxeOVISLxaPkK0XyP2zDBrqTfdJ36ULb,12th Man Malayalam
312,https://www.youtube.com/post/UgkxzL6nM2d56_PdVjzr6AybtYTvXslbasTH,
313,https://www.youtube.com/watch?v=6vVpCXAtbvs,Prasadtechintelugu
314,https://www.youtube.com/watch?v=cOrP4H_IEqw,Manoj Dey Vlogs
315,https://www.youtube.com/post/UgkxjsvwKZJQN6a5Uzy8tb8Fm-4q5xKVs-Md,Manoj Dey Vlogs
316,https://www.youtube.com/watch?v=zy0ih5i5tCM,Money Purse { ‡∞Æ‡∞®‡±Ä ‡∞™‡∞∞‡±ç‡∞∏‡±ç }
317,https://www.youtube.com/post/UgkxiKn-5Vm37sw8n-8DnMpuFF_RP-POu6qH,U Brand
318,https://www.youtube.com/post/UgkxdKMFMjFHAE8yFCxwgkBSOQPZm2Xls1GC,
319,https://www.youtube.com/post/UgkxLoaCezUF1bnP2SXKx5ROkA-tEdpMjHU3,
320,https://www.youtube.com/post/UgkxWxe0Nj-i7RSxgdD9guwk99XYHM00gA_q,
321,https://www.youtube.com/post/UgkxX8SkBbsI6VP31--wEwxXSXNsFT2C9qQf,Deepak Tabla 2.0
322,https://www.youtube.com/post/UgkxakqJlUfOZDGAff8Fsb1dMGgBPWt7dhVl,Super Trader Lakshya
323,https://www.youtube.com/watch?v=zJsAECXaPYU,Manoj Dey Vlogs
324,https://www.youtube.com/watch?v=glnplLdbuj0,Manoj Dey Vlogs
325,https://www.youtube.com/post/UgkxH1efibpiSulaCWsw9mQIQ1FUkYnvPacM,
326,https://www.youtube.com/watch?v=J_A5UE2_6Zs,OpeninApp
327,https://www.youtube.com/watch?v=s0eUGZVDdxU,Urjita Wani
328,https://www.youtube.com/post/Ugkx9OVj5fKxWG8lYhakpD62aM8roJjl5JXC,Manoj Dey Vlogs
329,https://www.youtube.com/post/Ugkxw55hXFcVZR5svtS82dNr28NWVDifg1O0,
330,https://www.youtube.com/channel/UCT2xzagsBVtStUCA2ulvKmQ/community?lc=UgzwoTgfJuEjk5xfVJB4AaABAg&lb=UgkxRr0r_-PECgQZa99yjufWKBvKcb19MEHd,Manoj Dey Vlogs
331,https://www.youtube.com/watch?v=x6nrchdG_5k,DANCE TO DANCE
332,https://www.youtube.com/post/Ugkxx8mBGJtFMG4Bvy6OedBmnkyyO64h-1N7,
333,https://www.youtube.com/c/TradingwithGroww?app=desktop,Trading with Groww
334,https://www.youtube.com/post/UgkxTCkLRMjyhpK6c-EeRTNo9ZUmDsxvuWMm,
335,https://www.youtube.com/c/TheCrazySk/community,Thecrazysk
336,https://www.youtube.com/watch?v=LG8VCuGEOxU,DAY TRADER ‡∞§‡±Ü‡∞≤‡±Å‡∞ó‡±Å
337,https://www.youtube.com/post/UgkxtGWVDRROHIq4ZbODw5x30QxT9syyIfxX,
338,https://www.youtube.com/post/UgkxsD5LAk57cSbJpDSuX8U3wgHPMy4D7DSD,
339,https://www.youtube.com/post/UgkxNSy4Qh4m-Lx3z1cMj2ZBtHRal_OPmpQV,
340,https://www.youtube.com/post/Ugkx17Nb8PEevC6RycGI83OXZduMpDtnhEzP,
341,https://www.youtube.com/watch?v=1uhicRUUawU,DAY TRADER ‡∞§‡±Ü‡∞≤‡±Å‡∞ó‡±Å
342,https://www.youtube.com/watch?v=rHk4JiXtZYw,Money Purse { ‡∞Æ‡∞®‡±Ä ‡∞™‡∞∞‡±ç‡∞∏‡±ç }
343,https://www.youtube.com/post/Ugkxa10GJk9JoQ-o7c1i9dnbmlLsD4BKEOq1,
344,https://www.youtube.com/post/UgkxQmPP718esXfVF1jpPu7YQNVP7EwL54je,JP Jewellers
345,https://www.youtube.com/watch?v=yx0abfdHY8Q,OEDRO
346,https://www.youtube.com/post/UgkxKShS2t79nuZfF_G3YjPCHTdEWW4kSLI_,Manoj Dey Vlogs
347,https://www.youtube.com/watch?v=xWC86v6p258,V.P FINANCIALS
348,https://www.youtube.com/watch?v=qeDTGV_qimA,Money Purse { ‡∞Æ‡∞®‡±Ä ‡∞™‡∞∞‡±ç‡∞∏‡±ç }
349,https://www.youtube.com/post/UgkxVmUMFc4nQZqX2tdxS8XRjrVWStyCBWJ-,
350,https://www.youtube.com/post/Ugkxmq4k5vC_mrxI2S1Y8yNplDjrLFv-Duqq,Gareeb M_S Vlogs
351,https://www.youtube.com/post/UgkxRJvtMnNzOLjJk_VuNT4swDzlSMaQykEt,
352,https://www.youtube.com/post/Ugkx6hPE0dvy3kZeT0ELrv16aXK8L1wRdwQ1,
353,https://www.youtube.com/post/Ugkxb1RJNQ-17mrGzSsqtLtJsnlaaE0XGwqX,JP Jewellers
354,https://www.youtube.com/post/UgkxAaFyAz1Mi5gjLhif1ZVhdk-ZdlqD7L_R,Berojgar Tech
355,https://www.youtube.com/post/Ugkxd84rf73FQV_n69kM6B-_Z1MGYJA-MplK,D-tech Guptajii
356,https://www.youtube.com/post/Ugkx9sxUfVgTYlHA73JqYZg1ZbwBxJbdgqiy,ùêçùêÇùêÇ ùêñùêÄùêëùêëùêàùêéùêëùêí üî∞
357,https://www.youtube.com/post/UgkxIKHlwegfpzGik7_bSPwGef0K6NXaPGhw,
358,https://www.youtube.com/post/UgkxbOqDlXppSQ8G9WhX9PEaYK-Yh878Bjq4,Gaurav Sharma
359,https://www.youtube.com/post/UgkxIEx6vIN0KBHEANGftZW4VM4w0_2sOtEO,Varsha Singh Dhanoa
360,https://www.youtube.com/watch?v=L4XxrYMyQZw,Money Purse { ‡∞Æ‡∞®‡±Ä ‡∞™‡∞∞‡±ç‡∞∏‡±ç }
361,https://www.youtube.com/watch?v=CmhPGHeVyFA,Money Purse { ‡∞Æ‡∞®‡±Ä ‡∞™‡∞∞‡±ç‡∞∏‡±ç }
362,https://www.youtube.com/watch?v=Verm7AgGFKU,Money Purse { ‡∞Æ‡∞®‡±Ä ‡∞™‡∞∞‡±ç‡∞∏‡±ç }
363,https://www.youtube.com/post/Ugkx1dsR0xfh-HQNX1kWeshflpV4icyhxsya,JP Jewellers
364,https://www.youtube.com/post/UgkxrVitimIMFPT7NzB8wOYUY06Vz9NxnLPc,
365,https://www.youtube.com/post/Ugkxt4s789un3IG2yzu-dHnUwjYi_kJTlh1h,
366,https://www.youtube.com/post/UgkxvA9Rw_wuuz2xTUtf5O2bLEtVAP3xjYtt,
367,https://www.youtube.com/post/UgkxVaCzPYkA9k7l5cXQCR1ah_p9dMzY8j0R,
368,https://www.youtube.com/post/UgkxqnfMVepfdJ9yShUF20eO1rF9fFD1jgl4,Sonu Rana Vines
369,https://www.youtube.com/post/UgkxQ4GIPJ7EllaFEa3QF6fgIVQVilW-JMJx,
370,https://www.youtube.com/post/UgkxatxOR0g58CuY7-riNgjc-XYKaBk-BC9f,
371,https://www.youtube.com/post/UgkxxQa6Q6BEorneNIQIGuE_3GwFqPV1ZCrP,
372,https://www.youtube.com/post/Ugkx-QJiB92xlzILRzCM-SxQJZAZVS8sR2EG,@Obito2.0YT195
373,https://www.youtube.com/post/Ugkx8TBLEMFgPUZmo8uCePHXuF0E_1onTBtg,Amal Kakkat
374,https://www.youtube.com/post/UgkxHoInd_AHAHnhERa4RwmblK8B3XCSvZWu,
375,https://www.youtube.com/post/UgkxsSrLEAcTTNZzM1TNPMtah5QYn3sC9sNP,
376,https://www.youtube.com/post/UgkxuzQ3Y3XOESIBGNDiP4FZqa3fPSOmat5l,
377,https://www.youtube.com/watch?v=PJ2_4me-P5g,Venom's Tech
378,https://www.youtube.com/post/Ugkx0fUa1PpqPq_TijI9c-GWYGhkVp7YA7bl,Manoj Dey Vlogs
379,https://www.youtube.com/post/UgkxPj0jgnqmj6c5DBgrg_b7XnLn8DIZ0xFo,
380,https://www.youtube.com/watch?v=XM7EBaAT5BI,Ansh Nakwal
381,https://www.youtube.com/post/Ugkxz4IT--T0OQF_MGlVd6Ql6xOiGJKZiEjS,@EnglishLyrics2.0
382,https://www.youtube.com/post/UgkxT0Tdchpsuu5RtEXKOSJAUdi1qFp8j_6n,Saurabh Pal Vlogs
383,https://www.youtube.com/watch?v=_yCGXyDJa8U,Money Purse { ‡∞Æ‡∞®‡±Ä ‡∞™‡∞∞‡±ç‡∞∏‡±ç }
384,https://www.youtube.com/post/Ugkxx5bkZYf-c3PXTz8AAgDw5XQ5XilrS_SH,Mr Aditya Tech
385,https://www.youtube.com/post/UgkxBggGl932rR3cxnRug4dHmvwRVPQqbClV,Pam D'Souza
386,https://www.youtube.com/post/UgkxRbee0ikZZUU_Bspdgi6L0OkqfTN1_K2d,
387,https://www.youtube.com/watch?v=fscCla8QmuE,DAY TRADER ‡∞§‡±Ü‡∞≤‡±Å‡∞ó‡±Å
388,https://www.youtube.com/watch?v=TGV2b9eQ56w,Money Purse { ‡∞Æ‡∞®‡±Ä ‡∞™‡∞∞‡±ç‡∞∏‡±ç }
389,https://www.youtube.com/post/Ugkxh0eq838iyoft4RjXue15WxRt6YrDH3hD,·¥á…¥…¢ ü…™s ú  ü è Ä…™·¥Ñs
390,https://www.youtube.com/post/UgkxyDD1aPJYyXyMVaZRd2sAoXfZt68fq9uQ,
391,https://www.youtube.com/watch?v=RMnYMnaeNXk,Prasadtechintelugu
392,https://www.youtube.com/watch?v=hkUVijT2Ubs,Manoj Dey Vlogs
393,https://www.youtube.com/post/Ugkxyp9_g9Xh41IvUKY4n_pufW4LkgKDBk8N,
394,https://www.youtube.com/watch?v=eyB4I73PZfY,OEDRO
395,https://www.youtube.com/post/UgxxZbA3FKGy6JQbC5t4AaABCQ,Makholi Bande
396,https://www.youtube.com/watch?v=p-qw-sAMixc,Money Purse { ‡∞Æ‡∞®‡±Ä ‡∞™‡∞∞‡±ç‡∞∏‡±ç }
397,https://www.youtube.com/post/UgkxLi6V7PM1vtjemu-CZX4XOmRMTil9P6dx,
398,https://www.youtube.com/watch?v=RsqG2wV2A8k,Money Purse { ‡∞Æ‡∞®‡±Ä ‡∞™‡∞∞‡±ç‡∞∏‡±ç }
399,https://www.youtube.com/watch?v=Tlxwez5iVrc,SimpleGhar Hindi
400,https://www.youtube.com/c/OpeninApp,OpeninApp
401,https://www.youtube.com/channel/UCIGDcUqL2kKMdJCpIr_dfxg,OpeninApp
402,https://www.youtube.com/hashtag/openinapp,Inspiring Prashant
403,https://www.youtube.com/watch?v=vOo-VyPIiW0,spksunny
404,https://www.youtube.com/watch?v=O6lup3SN4Bw,OpeninApp
405,https://www.youtube.com/watch?v=Njo_GPYbTvY,Inspiring Prashant
406,https://www.youtube.com/watch?v=zEd9C0eRwzY,OpeninApp
407,https://www.youtube.com/watch?v=dd02GPhhNhQ,OpeninApp
408,https://www.youtube.com/watch?v=pS-3W8KHj4k,Urjita Wani
409,https://www.youtube.com/post/UgkxkNMzcb3UCWm4sfl1TtmpUE9eRv_qGnSj,
410,https://www.youtube.com/post/Ugkxe2GrB63zOanTOsRv6n75Q6wJdNSXnqAi,
411,https://www.youtube.com/post/UgkxvxeOVISLxaPkK0XyP2zDBrqTfdJ36ULb,12th Man Malayalam
412,https://www.youtube.com/post/UgkxzL6nM2d56_PdVjzr6AybtYTvXslbasTH,
413,https://www.youtube.com/watch?v=6vVpCXAtbvs,Prasadtechintelugu
414,https://www.youtube.com/watch?v=cOrP4H_IEqw,Manoj Dey Vlogs
415,https://www.youtube.com/post/UgkxjsvwKZJQN6a5Uzy8tb8Fm-4q5xKVs-Md,Manoj Dey Vlogs
416,https://www.youtube.com/watch?v=zy0ih5i5tCM,Money Purse { ‡∞Æ‡∞®‡±Ä ‡∞™‡∞∞‡±ç‡∞∏‡±ç }
417,https://www.youtube.com/post/UgkxiKn-5Vm37sw8n-8DnMpuFF_RP-POu6qH,U Brand
418,https://www.youtube.com/post/UgkxdKMFMjFHAE8yFCxwgkBSOQPZm2Xls1GC,
419,https://www.youtube.com/post/UgkxLoaCezUF1bnP2SXKx5ROkA-tEdpMjHU3,
420,https://www.youtube.com/post/UgkxWxe0Nj-i7RSxgdD9guwk99XYHM00gA_q,
421,https://www.youtube.com/post/UgkxX8SkBbsI6VP31--wEwxXSXNsFT2C9qQf,Deepak Tabla 2.0
422,https://www.youtube.com/post/UgkxakqJlUfOZDGAff8Fsb1dMGgBPWt7dhVl,Super Trader Lakshya
423,https://www.youtube.com/watch?v=zJsAECXaPYU,Manoj Dey Vlogs
424,https://www.youtube.com/watch?v=glnplLdbuj0,Manoj Dey Vlogs
425,https://www.youtube.com/post/UgkxH1efibpiSulaCWsw9mQIQ1FUkYnvPacM,
426,https://www.youtube.com/watch?v=J_A5UE2_6Zs,OpeninApp
427,https://www.youtube.com/watch?v=s0eUGZVDdxU,Urjita Wani
428,https://www.youtube.com/post/Ugkx9OVj5fKxWG8lYhakpD62aM8roJjl5JXC,Manoj Dey Vlogs
429,https://www.youtube.com/post/Ugkxw55hXFcVZR5svtS82dNr28NWVDifg1O0,
430,https://www.youtube.com/channel/UCT2xzagsBVtStUCA2ulvKmQ/community?lc=UgzwoTgfJuEjk5xfVJB4AaABAg&lb=UgkxRr0r_-PECgQZa99yjufWKBvKcb19MEHd,Manoj Dey Vlogs
431,https://www.youtube.com/watch?v=x6nrchdG_5k,DANCE TO DANCE
432,https://www.youtube.com/post/Ugkxx8mBGJtFMG4Bvy6OedBmnkyyO64h-1N7,
433,https://www.youtube.com/c/TradingwithGroww?app=desktop,Trading with Groww
434,https://www.youtube.com/post/UgkxTCkLRMjyhpK6c-EeRTNo9ZUmDsxvuWMm,
435,https://www.youtube.com/c/TheCrazySk/community,Thecrazysk
436,https://www.youtube.com/watch?v=LG8VCuGEOxU,DAY TRADER ‡∞§‡±Ü‡∞≤‡±Å‡∞ó‡±Å
437,https://www.youtube.com/post/UgkxtGWVDRROHIq4ZbODw5x30QxT9syyIfxX,
438,https://www.youtube.com/post/UgkxsD5LAk57cSbJpDSuX8U3wgHPMy4D7DSD,
439,https://www.youtube.com/post/UgkxNSy4Qh4m-Lx3z1cMj2ZBtHRal_OPmpQV,
440,https://www.youtube.com/post/Ugkx17Nb8PEevC6RycGI83OXZduMpDtnhEzP,
441,https://www.youtube.com/watch?v=1uhicRUUawU,DAY TRADER ‡∞§‡±Ü‡∞≤‡±Å‡∞ó‡±Å
442,https://www.youtube.com/watch?v=rHk4JiXtZYw,Money Purse { ‡∞Æ‡∞®‡±Ä ‡∞™‡∞∞‡±ç‡∞∏‡±ç }
443,https://www.youtube.com/post/Ugkxa10GJk9JoQ-o7c1i9dnbmlLsD4BKEOq1,
444,https://www.youtube.com/post/UgkxQmPP718esXfVF1jpPu7YQNVP7EwL54je,JP Jewellers
445,https://www.youtube.com/watch?v=yx0abfdHY8Q,OEDRO
446,https://www.youtube.com/post/UgkxKShS2t79nuZfF_G3YjPCHTdEWW4kSLI_,Manoj Dey Vlogs
447,https://www.youtube.com/watch?v=xWC86v6p258,V.P FINANCIALS
448,https://www.youtube.com/watch?v=qeDTGV_qimA,Money Purse { ‡∞Æ‡∞®‡±Ä ‡∞™‡∞∞‡±ç‡∞∏‡±ç }
449,https://www.youtube.com/post/UgkxVmUMFc4nQZqX2tdxS8XRjrVWStyCBWJ-,
450,https://www.youtube.com/post/Ugkxmq4k5vC_mrxI2S1Y8yNplDjrLFv-Duqq,Gareeb M_S Vlogs
451,https://www.youtube.com/post/UgkxRJvtMnNzOLjJk_VuNT4swDzlSMaQykEt,
452,https://www.youtube.com/post/Ugkx6hPE0dvy3kZeT0ELrv16aXK8L1wRdwQ1,
453,https://www.youtube.com/post/Ugkxb1RJNQ-17mrGzSsqtLtJsnlaaE0XGwqX,JP Jewellers
454,https://www.youtube.com/post/UgkxAaFyAz1Mi5gjLhif1ZVhdk-ZdlqD7L_R,Berojgar Tech
455,https://www.youtube.com/post/Ugkxd84rf73FQV_n69kM6B-_Z1MGYJA-MplK,D-tech Guptajii
456,https://www.youtube.com/post/Ugkx9sxUfVgTYlHA73JqYZg1ZbwBxJbdgqiy,ùêçùêÇùêÇ ùêñùêÄùêëùêëùêàùêéùêëùêí üî∞
457,https://www.youtube.com/post/UgkxIKHlwegfpzGik7_bSPwGef0K6NXaPGhw,
458,https://www.youtube.com/post/UgkxbOqDlXppSQ8G9WhX9PEaYK-Yh878Bjq4,Gaurav Sharma
459,https://www.youtube.com/post/UgkxIEx6vIN0KBHEANGftZW4VM4w0_2sOtEO,Varsha Singh Dhanoa
460,https://www.youtube.com/watch?v=L4XxrYMyQZw,Money Purse { ‡∞Æ‡∞®‡±Ä ‡∞™‡∞∞‡±ç‡∞∏‡±ç }
461,https://www.youtube.com/watch?v=CmhPGHeVyFA,Money Purse { ‡∞Æ‡∞®‡±Ä ‡∞™‡∞∞‡±ç‡∞∏‡±ç }
462,https://www.youtube.com/watch?v=Verm7AgGFKU,Money Purse { ‡∞Æ‡∞®‡±Ä ‡∞™‡∞∞‡±ç‡∞∏‡±ç }
463,https://www.youtube.com/post/Ugkx1dsR0xfh-HQNX1kWeshflpV4icyhxsya,JP Jewellers
464,https://www.youtube.com/post/UgkxrVitimIMFPT7NzB8wOYUY06Vz9NxnLPc,
465,https://www.youtube.com/post/Ugkxt4s789un3IG2yzu-dHnUwjYi_kJTlh1h,
466,https://www.youtube.com/post/UgkxvA9Rw_wuuz2xTUtf5O2bLEtVAP3xjYtt,
467,https://www.youtube.com/post/UgkxVaCzPYkA9k7l5cXQCR1ah_p9dMzY8j0R,
468,https://www.youtube.com/post/UgkxqnfMVepfdJ9yShUF20eO1rF9fFD1jgl4,Sonu Rana Vines
469,https://www.youtube.com/post/UgkxQ4GIPJ7EllaFEa3QF6fgIVQVilW-JMJx,
470,https://www.youtube.com/post/UgkxatxOR0g58CuY7-riNgjc-XYKaBk-BC9f,
471,https://www.youtube.com/post/UgkxxQa6Q6BEorneNIQIGuE_3GwFqPV1ZCrP,
472,https://www.youtube.com/post/Ugkx-QJiB92xlzILRzCM-SxQJZAZVS8sR2EG,@Obito2.0YT195
473,https://www.youtube.com/post/Ugkx8TBLEMFgPUZmo8uCePHXuF0E_1onTBtg,Amal Kakkat
474,https://www.youtube.com/post/UgkxHoInd_AHAHnhERa4RwmblK8B3XCSvZWu,
475,https://www.youtube.com/post/UgkxsSrLEAcTTNZzM1TNPMtah5QYn3sC9sNP,
476,https://www.youtube.com/post/UgkxuzQ3Y3XOESIBGNDiP4FZqa3fPSOmat5l,
477,https://www.youtube.com/watch?v=PJ2_4me-P5g,Venom's Tech
478,https://www.youtube.com/post/Ugkx0fUa1PpqPq_TijI9c-GWYGhkVp7YA7bl,Manoj Dey Vlogs
479,https://www.youtube.com/post/UgkxPj0jgnqmj6c5DBgrg_b7XnLn8DIZ0xFo,
480,https://www.youtube.com/watch?v=XM7EBaAT5BI,Ansh Nakwal
481,https://www.youtube.com/post/Ugkxz4IT--T0OQF_MGlVd6Ql6xOiGJKZiEjS,@EnglishLyrics2.0
482,https://www.youtube.com/post/UgkxT0Tdchpsuu5RtEXKOSJAUdi1qFp8j_6n,Saurabh Pal Vlogs
483,https://www.youtube.com/watch?v=_yCGXyDJa8U,Money Purse { ‡∞Æ‡∞®‡±Ä ‡∞™‡∞∞‡±ç‡∞∏‡±ç }
484,https://www.youtube.com/post/Ugkxx5bkZYf-c3PXTz8AAgDw5XQ5XilrS_SH,Mr Aditya Tech
485,https://www.youtube.com/post/UgkxBggGl932rR3cxnRug4dHmvwRVPQqbClV,Pam D'Souza
486,https://www.youtube.com/post/UgkxRbee0ikZZUU_Bspdgi6L0OkqfTN1_K2d,
487,https://www.youtube.com/watch?v=fscCla8QmuE,DAY TRADER ‡∞§‡±Ü‡∞≤‡±Å‡∞ó‡±Å
488,https://www.youtube.com/watch?v=TGV2b9eQ56w,Money Purse { ‡∞Æ‡∞®‡±Ä ‡∞™‡∞∞‡±ç‡∞∏‡±ç }
489,https://www.youtube.com/post/Ugkxh0eq838iyoft4RjXue15WxRt6YrDH3hD,·¥á…¥…¢ ü…™s ú  ü è Ä…™·¥Ñs
490,https://www.youtube.com/post/UgkxyDD1aPJYyXyMVaZRd2sAoXfZt68fq9uQ,
491,https://www.youtube.com/watch?v=RMnYMnaeNXk,Prasadtechintelugu
492,https://www.youtube.com/watch?v=hkUVijT2Ubs,Manoj Dey Vlogs
493,https://www.youtube.com/post/Ugkxyp9_g9Xh41IvUKY4n_pufW4LkgKDBk8N,
494,https://www.youtube.com/watch?v=eyB4I73PZfY,OEDRO
495,https://www.youtube.com/post/UgxxZbA3FKGy6JQbC5t4AaABCQ,Makholi Bande
496,https://www.youtube.com/watch?v=p-qw-sAMixc,Money Purse { ‡∞Æ‡∞®‡±Ä ‡∞™‡∞∞‡±ç‡∞∏‡±ç }
497,https://www.youtube.com/post/UgkxLi6V7PM1vtjemu-CZX4XOmRMTil9P6dx,
498,https://www.youtube.com/watch?v=RsqG2wV2A8k,Money Purse { ‡∞Æ‡∞®‡±Ä ‡∞™‡∞∞‡±ç‡∞∏‡±ç }
499,https://www.youtube.com/watch?v=Tlxwez5iVrc,SimpleGhar Hindi
500,https://www.youtube.com/c/OpeninApp,OpeninApp
501,https://www.youtube.com/channel/UCIGDcUqL2kKMdJCpIr_dfxg,OpeninApp
502,https://www.youtube.com/hashtag/openinapp,Inspiring Prashant
503,https://www.youtube.com/watch?v=vOo-VyPIiW0,spksunny
504,https://www.youtube.com/watch?v=O6lup3SN4Bw,OpeninApp
505,https://www.youtube.com/watch?v=Njo_GPYbTvY,Inspiring Prashant
506,https://www.youtube.com/watch?v=zEd9C0eRwzY,OpeninApp
507,https://www.youtube.com/watch?v=dd02GPhhNhQ,OpeninApp
508,https://www.youtube.com/watch?v=pS-3W8KHj4k,Urjita Wani
509,https://www.youtube.com/post/UgkxkNMzcb3UCWm4sfl1TtmpUE9eRv_qGnSj,
510,https://www.youtube.com/post/Ugkxe2GrB63zOanTOsRv6n75Q6wJdNSXnqAi,
511,https://www.youtube.com/post/UgkxvxeOVISLxaPkK0XyP2zDBrqTfdJ36ULb,12th Man Malayalam
512,https://www.youtube.com/post/UgkxzL6nM2d56_PdVjzr6AybtYTvXslbasTH,
513,https://www.youtube.com/watch?v=6vVpCXAtbvs,Prasadtechintelugu
514,https://www.youtube.com/watch?v=cOrP4H_IEqw,Manoj Dey Vlogs
515,https://www.youtube.com/post/UgkxjsvwKZJQN6a5Uzy8tb8Fm-4q5xKVs-Md,Manoj Dey Vlogs
516,https://www.youtube.com/watch?v=zy0ih5i5tCM,Money Purse { ‡∞Æ‡∞®‡±Ä ‡∞™‡∞∞‡±ç‡∞∏‡±ç }
517,https://www.youtube.com/post/UgkxiKn-5Vm37sw8n-8DnMpuFF_RP-POu6qH,U Brand
518,https://www.youtube.com/post/UgkxdKMFMjFHAE8yFCxwgkBSOQPZm2Xls1GC,
519,https://www.youtube.com/post/UgkxLoaCezUF1bnP2SXKx5ROkA-tEdpMjHU3,
520,https://www.youtube.com/post/UgkxWxe0Nj-i7RSxgdD9guwk99XYHM00gA_q,
521,https://www.youtube.com/post/UgkxX8SkBbsI6VP31--wEwxXSXNsFT2C9qQf,Deepak Tabla 2.0
522,https://www.youtube.com/post/UgkxakqJlUfOZDGAff8Fsb1dMGgBPWt7dhVl,Super Trader Lakshya
523,https://www.youtube.com/watch?v=zJsAECXaPYU,Manoj Dey Vlogs
524,https://www.youtube.com/watch?v=glnplLdbuj0,Manoj Dey Vlogs
525,https://www.youtube.com/post/UgkxH1efibpiSulaCWsw9mQIQ1FUkYnvPacM,
526,https://www.youtube.com/watch?v=J_A5UE2_6Zs,OpeninApp
527,https://www.youtube.com/watch?v=s0eUGZVDdxU,Urjita Wani
528,https://www.youtube.com/post/Ugkx9OVj5fKxWG8lYhakpD62aM8roJjl5JXC,Manoj Dey Vlogs
529,https://www.youtube.com/post/Ugkxw55hXFcVZR5svtS82dNr28NWVDifg1O0,
530,https://www.youtube.com/channel/UCT2xzagsBVtStUCA2ulvKmQ/community?lc=UgzwoTgfJuEjk5xfVJB4AaABAg&lb=UgkxRr0r_-PECgQZa99yjufWKBvKcb19MEHd,Manoj Dey Vlogs
531,https://www.youtube.com/watch?v=x6nrchdG_5k,DANCE TO DANCE
532,https://www.youtube.com/post/Ugkxx8mBGJtFMG4Bvy6OedBmnkyyO64h-1N7,
533,https://www.youtube.com/c/TradingwithGroww?app=desktop,Trading with Groww
534,https://www.youtube.com/post/UgkxTCkLRMjyhpK6c-EeRTNo9ZUmDsxvuWMm,
535,https://www.youtube.com/c/TheCrazySk/community,Thecrazysk
536,https://www.youtube.com/watch?v=LG8VCuGEOxU,DAY TRADER ‡∞§‡±Ü‡∞≤‡±Å‡∞ó‡±Å
537,https://www.youtube.com/post/UgkxtGWVDRROHIq4ZbODw5x30QxT9syyIfxX,
538,https://www.youtube.com/post/UgkxsD5LAk57cSbJpDSuX8U3wgHPMy4D7DSD,
539,https://www.youtube.com/post/UgkxNSy4Qh4m-Lx3z1cMj2ZBtHRal_OPmpQV,
540,https://www.youtube.com/post/Ugkx17Nb8PEevC6RycGI83OXZduMpDtnhEzP,
541,https://www.youtube.com/watch?v=1uhicRUUawU,DAY TRADER ‡∞§‡±Ü‡∞≤‡±Å‡∞ó‡±Å
542,https://www.youtube.com/watch?v=rHk4JiXtZYw,Money Purse { ‡∞Æ‡∞®‡±Ä ‡∞™‡∞∞‡±ç‡∞∏‡±ç }
543,https://www.youtube.com/post/Ugkxa10GJk9JoQ-o7c1i9dnbmlLsD4BKEOq1,
544,https://www.youtube.com/post/UgkxQmPP718esXfVF1jpPu7YQNVP7EwL54je,JP Jewellers
545,https://www.youtube.com/watch?v=yx0abfdHY8Q,OEDRO
546,https://www.youtube.com/post/UgkxKShS2t79nuZfF_G3YjPCHTdEWW4kSLI_,Manoj Dey Vlogs
547,https://www.youtube.com/watch?v=xWC86v6p258,V.P FINANCIALS
548,https://www.youtube.com/watch?v=qeDTGV_qimA,Money Purse { ‡∞Æ‡∞®‡±Ä ‡∞™‡∞∞‡±ç‡∞∏‡±ç }
549,https://www.youtube.com/post/UgkxVmUMFc4nQZqX2tdxS8XRjrVWStyCBWJ-,
550,https://www.youtube.com/post/Ugkxmq4k5vC_mrxI2S1Y8yNplDjrLFv-Duqq,Gareeb M_S Vlogs
551,https://www.youtube.com/post/UgkxRJvtMnNzOLjJk_VuNT4swDzlSMaQykEt,
552,https://www.youtube.com/post/Ugkx6hPE0dvy3kZeT0ELrv16aXK8L1wRdwQ1,
553,https://www.youtube.com/post/Ugkxb1RJNQ-17mrGzSsqtLtJsnlaaE0XGwqX,JP Jewellers
554,https://www.youtube.com/post/UgkxAaFyAz1Mi5gjLhif1ZVhdk-ZdlqD7L_R,Berojgar Tech
555,https://www.youtube.com/post/Ugkxd84rf73FQV_n69kM6B-_Z1MGYJA-MplK,D-tech Guptajii
556,https://www.youtube.com/post/Ugkx9sxUfVgTYlHA73JqYZg1ZbwBxJbdgqiy,ùêçùêÇùêÇ ùêñùêÄùêëùêëùêàùêéùêëùêí üî∞
557,https://www.youtube.com/post/UgkxIKHlwegfpzGik7_bSPwGef0K6NXaPGhw,
558,https://www.youtube.com/post/UgkxbOqDlXppSQ8G9WhX9PEaYK-Yh878Bjq4,Gaurav Sharma
559,https://www.youtube.com/post/UgkxIEx6vIN0KBHEANGftZW4VM4w0_2sOtEO,Varsha Singh Dhanoa
560,https://www.youtube.com/watch?v=L4XxrYMyQZw,Money Purse { ‡∞Æ‡∞®‡±Ä ‡∞™‡∞∞‡±ç‡∞∏‡±ç }
561,https://www.youtube.com/watch?v=CmhPGHeVyFA,Money Purse { ‡∞Æ‡∞®‡±Ä ‡∞™‡∞∞‡±ç‡∞∏‡±ç }
562,https://www.youtube.com/watch?v=Verm7AgGFKU,Money Purse { ‡∞Æ‡∞®‡±Ä ‡∞™‡∞∞‡±ç‡∞∏‡±ç }
563,https://www.youtube.com/post/Ugkx1dsR0xfh-HQNX1kWeshflpV4icyhxsya,JP Jewellers
564,https://www.youtube.com/post/UgkxrVitimIMFPT7NzB8wOYUY06Vz9NxnLPc,
565,https://www.youtube.com/post/Ugkxt4s789un3IG2yzu-dHnUwjYi_kJTlh1h,
566,https://www.youtube.com/post/UgkxvA9Rw_wuuz2xTUtf5O2bLEtVAP3xjYtt,
567,https://www.youtube.com/post/UgkxVaCzPYkA9k7l5cXQCR1ah_p9dMzY8j0R,
568,https://www.youtube.com/post/UgkxqnfMVepfdJ9yShUF20eO1rF9fFD1jgl4,Sonu Rana Vines
569,https://www.youtube.com/post/UgkxQ4GIPJ7EllaFEa3QF6fgIVQVilW-JMJx,
570,https://www.youtube.com/post/UgkxatxOR0g58CuY7-riNgjc-XYKaBk-BC9f,
571,https://www.youtube.com/post/UgkxxQa6Q6BEorneNIQIGuE_3GwFqPV1ZCrP,
572,https://www.youtube.com/post/Ugkx-QJiB92xlzILRzCM-SxQJZAZVS8sR2EG,@Obito2.0YT195
573,https://www.youtube.com/post/Ugkx8TBLEMFgPUZmo8uCePHXuF0E_1onTBtg,Amal Kakkat
574,https://www.youtube.com/post/UgkxHoInd_AHAHnhERa4RwmblK8B3XCSvZWu,
575,https://www.youtube.com/post/UgkxsSrLEAcTTNZzM1TNPMtah5QYn3sC9sNP,
576,https://www.youtube.com/post/UgkxuzQ3Y3XOESIBGNDiP4FZqa3fPSOmat5l,
577,https://www.youtube.com/watch?v=PJ2_4me-P5g,Venom's Tech
578,https://www.youtube.com/post/Ugkx0fUa1PpqPq_TijI9c-GWYGhkVp7YA7bl,Manoj Dey Vlogs
579,https://www.youtube.com/post/UgkxPj0jgnqmj6c5DBgrg_b7XnLn8DIZ0xFo,
580,https://www.youtube.com/watch?v=XM7EBaAT5BI,Ansh Nakwal
581,https://www.youtube.com/post/Ugkxz4IT--T0OQF_MGlVd6Ql6xOiGJKZiEjS,@EnglishLyrics2.0
582,https://www.youtube.com/post/UgkxT0Tdchpsuu5RtEXKOSJAUdi1qFp8j_6n,Saurabh Pal Vlogs
583,https://www.youtube.com/watch?v=_yCGXyDJa8U,Money Purse { ‡∞Æ‡∞®‡±Ä ‡∞™‡∞∞‡±ç‡∞∏‡±ç }
584,https://www.youtube.com/post/Ugkxx5bkZYf-c3PXTz8AAgDw5XQ5XilrS_SH,Mr Aditya Tech
585,https://www.youtube.com/post/UgkxBggGl932rR3cxnRug4dHmvwRVPQqbClV,Pam D'Souza
586,https://www.youtube.com/post/UgkxRbee0ikZZUU_Bspdgi6L0OkqfTN1_K2d,
587,https://www.youtube.com/watch?v=fscCla8QmuE,DAY TRADER ‡∞§‡±Ü‡∞≤‡±Å‡∞ó‡±Å
588,https://www.youtube.com/watch?v=TGV2b9eQ56w,Money Purse { ‡∞Æ‡∞®‡±Ä ‡∞™‡∞∞‡±ç‡∞∏‡±ç }
589,https://www.youtube.com/post/Ugkxh0eq838iyoft4RjXue15WxRt6YrDH3hD,·¥á…¥…¢ ü…™s ú  ü è Ä…™·¥Ñs
590,https://www.youtube.com/post/UgkxyDD1aPJYyXyMVaZRd2sAoXfZt68fq9uQ,
591,https://www.youtube.com/watch?v=RMnYMnaeNXk,Prasadtechintelugu
592,https://www.youtube.com/watch?v=hkUVijT2Ubs,Manoj Dey Vlogs
593,https://www.youtube.com/post/Ugkxyp9_g9Xh41IvUKY4n_pufW4LkgKDBk8N,
594,https://www.youtube.com/watch?v=eyB4I73PZfY,OEDRO
595,https://www.youtube.com/post/UgxxZbA3FKGy6JQbC5t4AaABCQ,Makholi Bande
596,https://www.youtube.com/watch?v=p-qw-sAMixc,Money Purse { ‡∞Æ‡∞®‡±Ä ‡∞™‡∞∞‡±ç‡∞∏‡±ç }
597,https://www.youtube.com/post/UgkxLi6V7PM1vtjemu-CZX4XOmRMTil9P6dx,
598,https://www.youtube.com/watch?v=RsqG2wV2A8k,Money Purse { ‡∞Æ‡∞®‡±Ä ‡∞™‡∞∞‡±ç‡∞∏‡±ç }
599,https://www.youtube.com/watch?v=Tlxwez5iVrc,SimpleGhar Hindi
